mb_norm_id,max_prob_all_reviews_for_MB,HT_max_lex_score,HT_avg_lex_score
26.15940:-80.25681#,1,24,2.05
27.94875:-82.50614#,1,23,3.14
26.19005:-80.11256#,1,21,1.9
28.65647:-81.33989#,1,18,2.25
26.09685:-80.13689#,0.99997,17,4.75
27.94514:-82.51678#,1,17,2.82
28.04587:-82.73772#,1,17,1.37
28.55342:-81.35795#,1,16,2.79
26.19038:-80.10438#,1,16,2.29
28.37833:-80.60498#,1,16,1.09
25.83997:-80.19228#,0.99999,14,1.19
26.70612:-80.11488#,1,13,1.97
25.76139:-80.33012#,1,13,1.73
26.31685:-80.12674#,1,13,1.08
26.27204:-80.25758#,0.99999,12,2.8
26.04566:-80.20841#,1,12,2.29
26.21096:-80.11791#,1,12,1.73
28.13694:-82.74186#,1,12,1.71
28.66163:-81.35464#1300,1,12,1.66
26.00605:-80.29253#,1,12,1.54
26.63101:-80.14488#,1,12,1.54
28.54349:-81.35217#,1,12,1.54
25.78102:-80.23967#,0.99999,12,1.46
25.96407:-80.17038#,1,12,1.46
26.62523:-80.08931#,1,12,1.32
28.48357:-81.45637#,1,12,1.21
26.35072:-80.08522#,1,12,1.04
26.15554:-80.11678#,0.99999,11,2.47
27.39976:-82.56505#,1,11,2.24
28.02784:-82.50540#,1,11,1.57
25.75052:-80.23902#,1,11,1.54
26.02425:-80.22218#,1,11,1.48
25.78004:-80.25500#201,1,11,1.06
26.03191:-80.20648#,0.99999,11,0.81
26.52845:-80.07804#111,1,10,2.81
29.18184:-81.01153#,0.99999,10,2.38
25.96574:-80.18223#117,1,10,2.16
28.51566:-81.48300#,1,10,1.91
26.32802:-80.25300#,0.97127,10,1.9
30.27836:-81.75486#306,1,10,1.64
26.16705:-80.10963#,1,10,1.62
26.16670:-80.26273#,1,10,1.54
25.77911:-80.26057#,1,10,1.53
29.87356:-81.32299#,1,10,1.42
27.94519:-82.52123#,1,10,1.39
27.94504:-82.50101#,1,10,1.35
26.11925:-80.25119#,1,10,1.34
29.28428:-81.08411#,0.60262,10,1.27
26.26203:-80.20101#,1,10,1.26
28.45131:-81.39463#,1,10,1.26
26.10741:-80.14064#,1,10,1.25
26.64586:-80.14470#,1,10,1.25
28.42013:-81.46203#,1,10,1.21
28.45825:-81.46952#105,0.99999,10,1.2
26.04794:-80.17483#,1,10,1.1
27.25433:-82.51487#,1,10,1.1
26.35098:-80.07429#,1,10,1
26.16503:-80.17918#20,1,10,0.98
26.02559:-80.22682#,1,10,0.81
26.30681:-80.09441#,1,9,4
26.22463:-80.25218#,0.99997,9,3
28.05210:-82.50476#,1,9,2.48
26.56231:-81.94716#,1,9,2.27
25.99471:-80.20610#,1,9,1.94
26.68307:-80.05432#,1,9,1.88
25.76316:-80.31150#,1,9,1.86
26.63330:-80.14445#,1,9,1.73
26.65085:-80.09748#,1,9,1.47
26.58255:-81.87762#3,1,9,1.39
25.94155:-80.14768#,0.69436,9,1.3
28.61776:-81.44047#B5,1,9,1.26
27.63979:-80.50709#,1,9,1.22
26.16768:-80.11245#,1,9,1.21
25.81279:-80.36909#,0.99998,9,1.15
28.46176:-81.45663#,1,9,1.09
25.89176:-80.16235#,1,9,1.08
30.30828:-81.74165#,1,9,1.08
26.01158:-80.15029#,1,9,1.06
28.66167:-81.38314#,1,9,0.92
26.93459:-80.12549#103,1,9,0.86
26.16895:-80.10181#,1,8,3.33
27.26984:-82.49691#,1,8,2.43
26.34675:-80.08652#,1,8,2.38
26.84538:-80.06139#,1,8,1.75
26.00287:-80.21028#,1,8,1.72
27.94455:-82.49758#,1,8,1.58
25.73310:-80.33107#,1,8,1.57
25.80993:-80.31556#,1,8,1.54
25.76392:-80.28209#,1,8,1.48
26.23121:-80.11458#12,1,8,1.41
28.04822:-82.50384#,1,8,1.41
26.17523:-80.14710#,1,8,1.4
27.94521:-82.50923#,1,8,1.37
25.96539:-80.18172#204,1,8,1.34
27.40742:-82.56906#,1,8,1.33
29.65491:-82.38491#,0.99997,8,1.33
26.20401:-80.14796#,1,8,1.32
26.70827:-80.12090#,1,8,1.32
28.42783:-81.40405#,1,8,1.32
25.99564:-80.21615#,1,8,1.31
25.95730:-80.14507#,0.50035,8,1.3
27.87936:-82.78618#,1,8,1.24
27.82126:-82.71518#,1,8,1.22
26.58677:-80.05923#,1,8,1.21
28.25350:-82.72660#,1,8,1.16
26.28899:-80.11009#,1,8,1.14
28.12220:-82.73824#,1,8,1.14
29.17596:-81.02552#9,1,8,1.08
25.73222:-80.33098#,1,8,1.03
28.33910:-81.39447#,1,8,1
30.40114:-86.87854#,1,8,0.9
26.23215:-80.11793#,1,8,0.8
28.03525:-82.65503#,1,8,0.7
26.17208:-80.13177#,1,7,2.06
26.04585:-80.23862#,1,7,1.89
27.95182:-82.50342#,1,7,1.86
25.98613:-80.13707#,1,7,1.85
25.94836:-80.14824#,1,7,1.8
27.87472:-82.72851#,1,7,1.78
25.76856:-80.36345#,1,7,1.76
25.99730:-80.14837#,1,7,1.71
27.27005:-82.46589#,1,7,1.69
27.89236:-82.68441#,1,7,1.66
27.87766:-82.78681#,1,7,1.58
28.08135:-82.73991#,1,7,1.5
28.10188:-82.73916#,1,7,1.46
26.18944:-80.10577#,1,7,1.37
30.26424:-81.60646#101,1,7,1.28
25.77332:-80.32799#,1,7,1.26
26.22303:-80.20434#,1,7,1.25
30.27891:-81.60209#,1,7,1.25
26.45824:-80.10703#,1,7,1.24
26.31699:-80.09139#,1,7,1.19
26.18907:-80.15650#,1,7,1.18
26.35545:-80.08672#10,1,7,1.14
28.07051:-82.74094#,1,7,1.14
25.13326:-80.40691#,1,7,1
26.21773:-80.15547#,0.99999,7,1
28.33431:-81.48074#,1,7,1
26.23163:-80.16025#202,1,7,0.95
25.60428:-80.41438#,0.99999,7,0.94
26.46013:-80.12480#,0.8039,7,0.94
26.16631:-80.14215#,1,7,0.92
26.60936:-80.14607#,1,7,0.92
25.59711:-80.37654#,1,7,0.9
25.71475:-80.36645#,0.99995,7,0.88
27.92001:-82.49492#,0.95722,7,0.85
28.11838:-82.38175#,1,7,0.83
28.66787:-81.31243#,0.99999,7,0.82
28.44487:-81.47570#,1,7,0.76
27.75583:-82.75969#,1,7,0.74
27.96021:-82.72190#,1,7,0.72
28.37332:-80.70173#22,0.62221,7,0.6
28.83899:-82.04627#,1,7,0.57
28.13334:-80.67134#,1,6,1.58
25.73355:-80.29286#,1,6,1.57
28.81784:-81.76698#,0.99992,6,1.57
25.73157:-80.36545#,1,6,1.54
26.00839:-80.37289#,0.99989,6,1.54
28.64481:-81.35388#,1,6,1.54
25.88310:-80.32152#138,0.99999,6,1.5
28.04611:-81.95536#,0.59776,6,1.4
30.28839:-81.45380#,1,6,1.36
26.37019:-80.08422#,1,6,1.31
27.91717:-82.77834#P,1,6,1.31
25.98567:-80.15448#,1,6,1.3
25.85496:-80.12911#,1,6,1.26
26.31938:-80.10011#,1,6,1.26
26.58005:-81.87268#,1,6,1.26
26.23191:-80.10430#,1,6,1.25
25.92620:-80.16660#,1,6,1.24
28.55398:-81.36379#5,1,6,1.17
25.79619:-80.32388#18,1,6,1.14
27.83490:-82.63829#,0.75227,6,1.14
28.55320:-81.39380#,1,6,1.14
28.45085:-81.46629#,1,6,1.1
30.27877:-81.55842#,1,6,1.1
28.28447:-82.71430#,1,6,1.09
26.51412:-80.08058#,1,6,1.08
28.35836:-80.61016#,1,6,1.07
26.66558:-80.08766#,1,6,1.06
26.20439:-81.79959#26,0.99999,6,1.05
27.25852:-82.51727#,1,6,1.04
28.07937:-80.67738#,1,6,1.03
26.01079:-80.16406#,1,6,1
26.16475:-80.17632#,1,6,1
26.80827:-80.06995#,1,6,1
28.35663:-81.49464#,1,6,1
28.44811:-81.40068#900,0.99999,6,1
28.55280:-81.39031#,1,6,1
27.63903:-80.39351#,1,6,0.97
28.23133:-82.72947#,1,6,0.97
28.55447:-81.31873#,1,6,0.95
27.99587:-82.44652#,1,6,0.92
27.93967:-82.48342#,0.69367,6,0.9
26.01002:-80.19025#,1,6,0.87
27.39257:-82.54606#,1,6,0.87
26.17185:-80.25480#,1,6,0.86
26.14801:-80.26746#,0.99996,6,0.82
26.01007:-80.18894#,1,6,0.78
25.92526:-80.17957#,1,6,0.77
25.77847:-80.27135#,1,6,0.74
26.20377:-80.25155#,1,6,0.73
26.70626:-80.09603#,1,6,0.73
25.98561:-80.12454#S,1,6,0.69
26.10089:-80.12833#,0.99999,6,0.69
25.77520:-80.23880#17,1,6,0.66
28.60622:-81.37021#,1,6,0.64
28.21320:-80.66635#,1,6,0.62
28.55291:-81.36972#A,0.99999,6,0.6
25.74911:-80.25989#,0.77765,6,0.5
26.27300:-80.25811#,0.99998,6,0.43
30.19024:-85.68067#,1,6,0.31
26.80809:-80.06611#,0.99997,5,1.89
26.55461:-81.87097#1,1,5,1.88
26.35290:-81.80699#5,1,5,1.83
28.56992:-81.24221#,0.99999,5,1.8
28.33614:-82.69758#,0.99999,5,1.78
25.98581:-80.14434#,1,5,1.67
26.16694:-80.11182#,0.99351,5,1.67
29.84842:-81.32216#,1,5,1.6
28.40453:-81.45704#,0.99999,5,1.55
26.17773:-80.20358#,1,5,1.5
26.70772:-80.22763#,1,5,1.5
28.33377:-81.50176#,1,5,1.44
27.92965:-82.50619#104,1,5,1.38
26.31748:-80.14786#,0.99999,5,1.31
28.04580:-82.50527#,1,5,1.31
27.87987:-82.81908#,1,5,1.29
26.18868:-80.12604#,1,5,1.27
28.33677:-81.39864#,1,5,1.27
25.71310:-80.41424#,1,5,1.25
28.45770:-81.45931#,0.99994,5,1.22
25.88154:-80.29186#14,0.99999,5,1.21
28.59180:-81.37148#,1,5,1.2
28.33515:-81.48042#,1,5,1.19
27.97490:-82.82844#,0.50918,5,1.17
27.29919:-82.48060#,1,5,1.1
27.25854:-82.51883#,1,5,1.09
28.35511:-80.74753#,1,5,1.09
26.56565:-81.87146#,1,5,1.08
26.18615:-80.20414#,1,5,1.06
29.05034:-82.03728#,1,5,1.05
26.04603:-80.21814#,1,5,1
26.18149:-80.11903#,1,5,1
26.29981:-80.15238#,1,5,1
27.99731:-82.55610#,1,5,1
28.33382:-81.49547#,1,5,1
28.49636:-81.46052#,1,5,1
28.66852:-81.22873#,0.98527,5,1
30.50523:-84.24683#2,1,5,1
26.15422:-80.25644#,1,5,0.98
26.15066:-80.25884#,1,5,0.96
25.80807:-80.32658#17,1,5,0.95
30.51099:-87.22764#,0.99999,5,0.95
26.54924:-80.12149#9,1,5,0.94
26.61654:-81.94134#,1,5,0.93
26.20422:-80.13475#,1,5,0.92
25.72931:-80.24141#R1,0.93493,5,0.9
27.85687:-82.69504#,1,5,0.9
29.18091:-80.98468#,0.95798,5,0.9
26.11632:-80.13945#,0.71465,5,0.89
28.99788:-81.99819#,1,5,0.89
26.09931:-80.12869#,0.99999,5,0.88
26.34957:-80.22848#,0.79014,5,0.88
27.89298:-82.52427#,1,5,0.88
25.86037:-80.12071#,1,5,0.86
27.62787:-80.38989#,1,5,0.85
26.80731:-80.07371#A,1,5,0.83
25.77471:-80.26415#,1,5,0.82
28.20846:-82.67809#,1,5,0.82
28.68619:-81.33117#,1,5,0.81
28.44236:-81.42846#10,1,5,0.79
28.48114:-81.47428#,1,5,0.77
30.60220:-87.08133#,0.99985,5,0.75
28.82103:-81.67926#,0.99998,5,0.74
27.94457:-82.50059#,1,5,0.73
27.83881:-82.70997#,1,5,0.72
26.79577:-80.05406#,1,5,0.71
26.36387:-80.08968#6,0.98451,5,0.7
27.30318:-82.52872#,0.99861,5,0.7
26.60910:-81.87267#,1,5,0.69
30.42839:-84.22127#5,0.99996,5,0.68
28.31912:-80.71341#,1,5,0.67
25.70476:-80.28515#,0.97843,5,0.65
27.95885:-82.50181#,1,5,0.61
30.59403:-81.44501#,0.90022,5,0.58
28.40693:-81.44841#,0.51179,5,0.57
30.21878:-81.58016#2,1,5,0.57
25.93444:-80.15228#,0.53607,5,0.54
25.85876:-80.18234#,0.96767,5,0.53
27.26802:-80.43232#,0.90327,5,0.53
28.11098:-82.75359#,0.96536,5,0.53
27.28140:-82.53213#,0.7526,5,0.5
30.45981:-84.22500#,0.87682,5,0.48
28.22339:-82.38115#,1,4,2.2
30.16244:-81.75059#136,0.99966,4,1.6
26.47045:-80.06844#,1,4,1.44
26.02410:-80.22871#,1,4,1.43
26.00971:-80.24382#,0.99999,4,1.41
26.98980:-82.10866#,1,4,1.38
28.05423:-82.58192#,0.99999,4,1.35
27.37311:-82.55341#,1,4,1.33
28.30481:-81.46023#,1,4,1.33
26.16969:-80.10096#,0.99989,4,1.29
26.29304:-81.80118#,1,4,1.26
27.99637:-82.44507#,0.99998,4,1.2
26.45702:-80.06715#,1,4,1.18
25.99695:-80.14643#,1,4,1.16
27.99562:-82.38651#,1,4,1.16
28.06885:-82.44375#135,1,4,1.15
26.34395:-80.08811#103A,0.99986,4,1.14
28.30418:-81.43885#,1,4,1.14
28.68832:-81.40763#108,1,4,1.13
25.75128:-80.21658#,1,4,1.12
27.08985:-82.44343#,1,4,1.12
26.27262:-80.23127#,1,4,1.09
26.18235:-81.79893#,1,4,1.07
27.93448:-82.31004#,0.90004,4,1.05
28.33287:-81.48000#,1,4,1.04
26.08613:-80.20765#6A,0.99987,4,1
26.23108:-80.15960#,1,4,1
26.34809:-80.08499#,0.56594,4,1
26.83566:-80.06100#3,0.99999,4,1
27.33432:-82.53154#,1,4,1
29.16784:-82.13814#,0.88809,4,1
26.64427:-80.05762#,1,4,0.97
28.38064:-81.42468#,1,4,0.97
26.06209:-80.18989#,1,4,0.96
26.80798:-80.10411#,0.99999,4,0.95
28.37324:-80.60593#,1,4,0.95
28.54387:-81.35166#,1,4,0.95
29.20994:-81.02567#,1,4,0.95
25.85773:-80.31500#,0.99999,4,0.92
28.55331:-81.37768#,1,4,0.92
25.69982:-80.36567#,1,4,0.91
25.89709:-80.33171#,1,4,0.88
27.86624:-82.63259#,1,4,0.88
26.27136:-80.23377#,0.99999,4,0.87
28.36651:-80.60583#E,1,4,0.87
27.94459:-82.51022#,1,4,0.85
26.01039:-80.25450#,0.99997,4,0.84
28.07818:-82.57137#140,1,4,0.84
26.06331:-80.27414#,1,4,0.83
26.16767:-80.25828#,1,4,0.8
26.50304:-81.85804#,0.99999,4,0.8
26.39956:-80.07667#,1,4,0.79
28.59338:-81.35969#,0.99999,4,0.79
25.77478:-80.13568#,1,4,0.78
25.98561:-80.12454#,1,4,0.78
26.02401:-80.31123#3B,1,4,0.78
26.23499:-80.20006#,1,4,0.78
28.40753:-81.40839#A5,1,4,0.78
29.85357:-81.32456#,1,4,0.78
25.70269:-80.36926#,1,4,0.76
30.31032:-81.60020#,1,4,0.76
25.73375:-80.29990#,1,4,0.75
26.00952:-80.35568#,0.88717,4,0.75
27.28131:-82.53218#,0.62111,4,0.75
27.98180:-81.95630#,1,4,0.75
28.23856:-82.18379#,0.69681,4,0.75
26.19202:-80.11315#,1,4,0.74
27.29677:-82.45283#,1,4,0.74
25.93100:-80.13534#,0.99997,4,0.72
26.19713:-80.25175#,1,4,0.72
26.04649:-80.23761#,0.89403,4,0.7
28.57025:-81.23962#,1,4,0.69
28.02534:-82.57134#,1,4,0.68
26.13782:-80.10608#,1,4,0.67
26.27183:-81.76567#4,1,4,0.67
28.00847:-81.92487#,0.51696,4,0.67
28.59516:-81.36548#,0.93065,4,0.67
25.79283:-80.12903#,0.53478,4,0.65
25.82225:-80.18764#,0.65683,4,0.65
26.37003:-80.08935#,0.9515,4,0.65
28.50979:-81.45974#2B,0.85505,4,0.65
25.68585:-80.38384#,0.99999,4,0.64
26.36807:-80.13771#,0.62036,4,0.64
27.94516:-82.51001#,1,4,0.62
25.97945:-80.36203#,0.99999,4,0.61
26.04804:-80.18121#,1,4,0.61
27.77716:-82.67175#,1,4,0.61
28.04940:-82.39322#,0.69084,4,0.61
26.11456:-80.25631#,0.71122,4,0.6
27.65220:-80.35542#,0.64515,4,0.6
27.78868:-82.72773#,0.97451,4,0.6
30.26066:-81.63164#,1,4,0.59
25.79529:-80.14180#,0.95458,4,0.58
28.08488:-80.62677#,0.99999,4,0.58
26.27302:-80.26439#,0.99641,4,0.57
26.46112:-80.06126#,0.53741,4,0.57
30.46721:-84.26895#,0.6117,4,0.56
25.62745:-80.41511#,0.97719,4,0.55
27.79386:-82.73360#,0.67115,4,0.55
27.94507:-82.50188#,0.57344,4,0.55
28.18350:-82.43857#,0.89594,4,0.55
28.66348:-81.35144#,1,4,0.55
26.46319:-80.06831#,0.9996,4,0.5
28.16917:-82.35524#,0.61445,4,0.5
28.18905:-82.36174#,0.70629,4,0.5
28.55283:-81.35425#,1,4,0.5
26.31945:-80.10198#1,1,4,0.47
27.18108:-80.24068#,1,4,0.47
26.00881:-80.24614#,0.77113,4,0.45
26.12088:-80.27816#,0.75117,4,0.45
26.45621:-80.12371#,0.53993,4,0.45
26.52622:-80.18672#105,0.94508,4,0.45
26.70469:-80.10730#,0.66384,4,0.45
28.45530:-81.47047#,0.56395,4,0.45
28.90714:-81.97474#,0.59999,4,0.45
28.32791:-81.47051#,1,4,0.44
28.45123:-81.47814#,0.97491,4,0.4
26.18672:-80.11605#,0.99999,4,0.36
26.26143:-80.09885#,0.74257,4,0.36
29.89510:-81.31211#,0.99189,4,0.35
25.92518:-80.17455#,0.99999,4,0.32
26.20389:-81.80149#,0.76737,4,0.3
27.93509:-82.29325#,0.84384,4,0.3
25.94569:-80.16373#,0.63505,4,0.25
28.18235:-82.35266#,0.89698,4,0.25
28.33348:-81.51455#,0.99997,4,0.24
28.69810:-81.34893#,0.99755,3,3
26.17186:-80.25482#,1,3,2
29.15715:-82.24292#,0.63849,3,2
30.51473:-86.46454#,0.99981,3,2
25.65630:-80.42665#,0.94319,3,1.67
25.70156:-80.34580#,1,3,1.67
27.43238:-82.43257#,1,3,1.6
25.71670:-80.34520#,1,3,1.55
30.44393:-84.27752#,0.7818,3,1.5
27.47307:-81.46882#,1,3,1.29
26.33561:-80.20030#,1,3,1.26
27.00908:-82.14705#,0.99228,3,1.25
30.38474:-87.09732#,0.99999,3,1.25
26.38101:-80.07698#,0.99999,3,1.22
28.81162:-81.73098#,1,3,1.2
28.03378:-82.46924#103,1,3,1.14
26.23160:-80.10057#,1,3,1.11
25.79773:-80.32468#,1,3,1.05
25.81072:-80.32622#559,0.99999,3,1
26.03247:-80.20466#,0.99961,3,1
26.05634:-80.20725#,0.99696,3,1
26.18765:-80.19684#3,0.9998,3,1
26.32036:-80.09005#,0.99965,3,1
27.19284:-80.25330#,0.82496,3,1
28.34239:-81.48466#,0.99997,3,1
28.15132:-82.46121#,1,3,0.93
28.40158:-81.40377#,0.99998,3,0.92
28.41519:-81.40412#5,1,3,0.92
27.80563:-82.63632#,0.95918,3,0.9
25.70208:-80.35669#,1,3,0.89
27.06053:-80.13888#,1,3,0.89
25.82114:-80.32509#,1,3,0.88
27.96039:-82.76965#,1,3,0.88
28.21811:-82.71272#,1,3,0.86
29.15327:-80.99294#,0.92396,3,0.85
28.04872:-82.58352#,0.89258,3,0.84
26.23196:-80.14534#,0.99999,3,0.83
27.71361:-82.71468#205,0.56766,3,0.83
28.37979:-81.40583#,0.99998,3,0.83
26.15707:-80.13226#,0.72306,3,0.8
26.67926:-80.11161#F,0.99998,3,0.76
25.92234:-80.30853#,0.63899,3,0.75
28.80531:-81.33805#,0.62597,3,0.75
26.20899:-80.25699#,1,3,0.74
26.18287:-80.13358#,1,3,0.73
28.03548:-80.60802#,1,3,0.71
26.24453:-80.25183#,0.9801,3,0.7
28.08842:-82.50253#,1,3,0.7
28.10333:-82.74029#,1,3,0.7
28.55101:-81.75870#,1,3,0.7
27.89520:-82.52097#,1,3,0.69
30.23683:-81.74076#,1,3,0.66
27.92175:-82.29729#,1,3,0.65
30.46166:-84.28343#,0.60299,3,0.65
25.66292:-80.41719#,1,3,0.62
27.83950:-82.72694#,1,3,0.62
30.14745:-85.59041#,0.99999,3,0.62
25.64997:-80.33474#,1,3,0.61
27.27023:-80.28861#,1,3,0.61
26.01422:-80.25158#,0.66227,3,0.6
26.17847:-80.26584#,1,3,0.6
26.38057:-80.07687#,0.99982,3,0.6
30.16419:-81.73910#,1,3,0.59
27.94352:-82.48483#,0.88966,3,0.58
30.27026:-81.55825#103,1,3,0.58
30.46353:-84.27172#,0.97215,3,0.58
25.94471:-81.73223#,0.99999,3,0.57
27.23340:-80.26722#,1,3,0.56
28.08876:-82.74082#,0.71323,3,0.56
26.00951:-80.35675#,0.84441,3,0.55
26.08841:-80.25182#,1,3,0.55
27.62504:-80.39546#,0.51251,3,0.55
27.91697:-82.75168#,0.50503,3,0.55
28.34948:-81.61390#,0.62031,3,0.55
28.65098:-81.20516#,0.99744,3,0.55
27.19877:-80.25654#,0.99998,3,0.53
29.68036:-82.33972#A,1,3,0.52
25.68795:-80.38104#,0.53497,3,0.5
25.69342:-80.30192#,0.99999,3,0.5
25.69743:-80.44695#,0.96481,3,0.5
25.75228:-80.26136#,1,3,0.5
26.02646:-80.31376#,0.73215,3,0.5
27.81972:-82.63915#,0.87882,3,0.5
28.05457:-82.50485#,0.89727,3,0.5
28.51186:-81.37249#,0.50736,3,0.5
30.18580:-81.73542#,0.6211,3,0.5
30.29771:-81.61612#A,0.5782,3,0.5
26.18895:-80.14412#,0.99994,3,0.48
26.52138:-81.87054#,1,3,0.48
26.52824:-80.08710#,0.64766,3,0.48
28.55066:-81.36425#,1,3,0.47
25.70293:-80.29012#,0.64021,3,0.45
26.00670:-80.38294#,0.67065,3,0.45
26.16918:-80.30145#,0.77492,3,0.45
26.35068:-80.08504#,0.98043,3,0.45
28.46583:-81.39770#603,0.99815,3,0.45
26.27493:-80.11498#,1,3,0.44
26.23147:-80.11055#,1,3,0.42
29.10997:-81.03244#,0.78248,3,0.41
25.66338:-80.40611#,0.50448,3,0.4
25.92629:-80.16020#,0.97553,3,0.4
26.03456:-80.19559#,0.87109,3,0.4
26.31871:-80.13355#,0.99995,3,0.4
28.02426:-82.50736#,0.62991,3,0.4
27.29852:-82.50836#,0.83576,3,0.39
27.94220:-82.49795#,0.62871,3,0.36
30.24868:-81.74627#,0.99999,3,0.36
26.10687:-80.10578#,0.77322,3,0.35
26.40725:-81.80874#,0.94385,3,0.35
27.90446:-82.49408#,0.99274,3,0.35
27.94412:-82.52348#,0.70137,3,0.35
28.07739:-82.50831#,0.72509,3,0.35
28.45825:-81.46952#,0.81486,3,0.35
28.56755:-81.32722#,0.78439,3,0.35
28.60142:-81.32679#,0.59757,3,0.35
27.77117:-82.72407#,0.51959,3,0.33
25.76166:-80.33127#,0.98213,3,0.3
26.36960:-80.07622#,0.99576,3,0.3
28.05338:-82.43338#,0.51127,3,0.3
30.16608:-81.70435#,0.99941,3,0.3
28.51539:-81.37882#,0.97197,3,0.28
27.89685:-82.84803#3,0.64742,3,0.27
25.47539:-80.43485#,0.52094,3,0.25
26.21659:-80.10824#,0.72032,3,0.25
30.31913:-81.46113#,0.7995,3,0.25
26.41180:-80.07685#404,0.75691,3,0.22
26.09030:-80.24981#,0.66566,3,0.2
26.60633:-80.11514#,0.57363,3,0.2
26.84627:-80.05884#60,0.9346,3,0.2
26.02240:-80.20784#,0.99998,2,2
26.32193:-80.20359#,0.99988,2,2
26.59407:-81.81439#,0.95243,2,2
28.10567:-80.62235#,0.99973,2,2
28.01751:-82.50545#,0.74828,2,1.5
28.39524:-80.70486#,0.99988,2,1.25
27.96161:-82.79468#,0.99999,2,1.11
26.18003:-81.79923#,0.99962,2,1
26.19802:-81.79993#,1,2,1
26.21153:-80.25080#,0.99999,2,1
26.62035:-80.13547#,0.99997,2,1
27.91578:-82.71109#,0.99992,2,1
30.19020:-85.70916#,1,2,1
30.48621:-87.19848#,0.99998,2,1
28.11672:-80.62590#,0.99999,2,0.91
28.66078:-81.17817#,0.99389,2,0.88
26.05306:-80.20664#,1,2,0.83
28.51467:-81.28717#,1,2,0.83
26.37744:-81.80694#,0.99999,2,0.8
26.88356:-80.05940#,0.99998,2,0.8
27.77717:-82.66914#,0.99978,2,0.8
30.41101:-87.21173#,0.57674,2,0.8
27.27263:-80.28845#,1,2,0.77
26.10691:-81.74664#,1,2,0.75
26.18888:-80.14596#,1,2,0.75
27.94444:-82.50312#,1,2,0.75
30.21787:-81.55287#,0.99976,2,0.75
28.80029:-81.64619#,0.50504,2,0.7
27.88039:-82.81832#,1,2,0.69
25.95710:-80.19774#,1,2,0.67
25.99555:-80.22078#,0.99999,2,0.67
26.36957:-80.07616#,0.99998,2,0.67
26.56511:-81.95420#,0.97169,2,0.67
27.89511:-82.76431#,0.99993,2,0.67
30.50633:-84.25236#,0.70199,2,0.67
26.71691:-80.11124#,1,2,0.62
27.25630:-82.51764#,0.99997,2,0.62
27.73726:-82.74859#,0.96157,2,0.62
30.35757:-87.15544#,0.95633,2,0.62
25.70108:-80.33541#,0.99995,2,0.6
26.23482:-80.21274#,0.99996,2,0.6
26.66397:-80.26654#B7,0.84978,2,0.6
28.55253:-81.40499#,0.99999,2,0.6
30.26721:-81.55750#,0.99057,2,0.6
29.18436:-80.98752#,0.9892,2,0.57
25.73312:-80.33129#,0.9056,2,0.55
25.68739:-80.41680#,0.79764,2,0.5
25.92418:-80.15365#,1,2,0.5
26.16673:-80.15274#,1,2,0.5
27.99671:-82.39137#,0.91143,2,0.5
28.71356:-81.77251#,0.68611,2,0.5
29.05944:-82.05519#,0.99294,2,0.5
29.27875:-81.06019#,1,2,0.5
26.43343:-80.07149#,0.73358,2,0.47
27.29827:-82.48337#,0.58095,2,0.47
26.19027:-80.12316#,0.89937,2,0.45
26.27243:-80.22669#,0.94639,2,0.45
26.84274:-80.08978#,0.90819,2,0.45
26.96602:-82.35362#,0.59081,2,0.44
28.29521:-81.41642#,0.9997,2,0.43
27.31779:-82.57634#,0.78031,2,0.42
27.32248:-82.52860#,0.96609,2,0.41
25.74915:-80.23793#,0.99818,2,0.4
26.20301:-80.13376#,0.88672,2,0.4
26.31404:-80.08345#,0.99981,2,0.4
26.53138:-80.08964#23,0.67679,2,0.4
26.93403:-80.12991#,0.75311,2,0.4
27.00556:-82.13350#B2,0.50163,2,0.4
27.33627:-82.53560#,0.61058,2,0.4
27.83887:-82.69676#,0.77589,2,0.4
28.30181:-81.41547#,0.98848,2,0.4
29.02195:-80.93164#,0.60083,2,0.4
26.57335:-81.87090#,1,2,0.38
27.25851:-82.51560#,0.98715,2,0.38
28.35441:-80.68661#,0.81845,2,0.38
30.26529:-81.60612#4,0.92462,2,0.37
25.64133:-80.33461#,0.99999,2,0.36
25.73282:-80.35810#,1,2,0.36
26.10466:-80.26544#,0.79987,2,0.36
28.26186:-81.62689#,0.69598,2,0.36
25.92627:-80.15954#,0.87193,2,0.35
26.09491:-80.25031#,0.75643,2,0.35
26.09713:-80.13098#,0.80198,2,0.35
26.40816:-80.20288#,0.95969,2,0.35
26.45798:-81.82511#14,0.75564,2,0.35
27.33586:-82.53142#201,0.79155,2,0.35
27.76873:-82.63589#,0.7333,2,0.35
27.77125:-82.68925#,0.67545,2,0.35
28.82717:-81.68651#,1,2,0.35
24.56063:-81.80698#,0.75202,2,0.33
25.96535:-80.14442#G-5,0.99191,2,0.33
27.23984:-80.26953#,0.99998,2,0.33
27.83877:-82.70061#7,0.99995,2,0.33
27.89527:-82.78328#,0.79531,2,0.33
28.68496:-81.40386#,0.9662,2,0.33
25.78004:-80.25500#,0.87228,2,0.32
25.85553:-80.12985#,1,2,0.32
28.55900:-81.36423#,1,2,0.32
27.64908:-80.37722#,0.60391,2,0.31
25.86168:-80.31416#,0.98743,2,0.3
25.86626:-80.29735#,0.53734,2,0.3
26.15653:-80.13838#,0.52665,2,0.3
26.18715:-80.25110#,0.73462,2,0.3
26.21425:-81.79882#,0.80915,2,0.3
26.28808:-80.24897#,0.62978,2,0.3
26.31899:-80.11151#,1,2,0.3
26.35127:-80.08435#5,0.99993,2,0.3
27.89336:-82.28212#,0.99674,2,0.3
27.93734:-82.48970#,0.54525,2,0.3
27.94347:-82.47432#,0.89711,2,0.3
28.00570:-82.77513#,0.72073,2,0.3
28.46778:-81.30858#,0.99948,2,0.3
28.55290:-81.35382#,0.57163,2,0.3
29.47442:-81.12441#,0.96158,2,0.3
30.15318:-85.75102#,0.98195,2,0.3
26.01140:-80.24730#,0.60396,2,0.29
26.52789:-80.09718#,0.59344,2,0.29
27.93462:-82.29443#,0.99997,2,0.29
28.69828:-81.34819#,0.53284,2,0.29
26.14107:-80.25639#,0.73183,2,0.27
25.75028:-80.23187#,0.99924,2,0.25
25.81312:-80.35510#,0.7415,2,0.25
26.02990:-80.24998#,0.5001,2,0.25
26.09738:-80.25218#,0.71124,2,0.25
27.29346:-82.53006#,0.83183,2,0.25
27.84398:-82.78670#201,0.90698,2,0.25
27.92952:-82.50730#,0.8248,2,0.25
28.32381:-81.65894#,0.65845,2,0.25
29.62172:-82.38301#,0.99297,2,0.25
26.54832:-81.80899#,0.51567,2,0.24
28.03702:-82.70866#,0.67749,2,0.24
28.18349:-82.35457#,0.8364,2,0.24
26.01053:-80.24538#,0.99996,2,0.22
28.33179:-82.69756#,0.99999,2,0.22
26.10061:-80.13594#,0.74982,2,0.21
28.56534:-81.20928#,0.56224,2,0.21
25.73028:-80.40208#,0.7995,2,0.2
25.78720:-80.13290#,0.6619,2,0.2
26.15788:-80.13237#,0.59369,2,0.2
26.40218:-80.07665#,0.86604,2,0.2
26.42646:-80.07167#,0.60333,2,0.2
27.31765:-82.57614#,0.75101,2,0.2
28.09565:-82.73788#,0.74811,2,0.2
28.75551:-81.33734#,0.61356,2,0.19
26.03245:-80.13966#,0.61178,2,0.18
26.13749:-80.11119#,0.95439,2,0.18
28.44379:-81.47570#,0.52614,2,0.18
28.60542:-81.35733#,0.69484,2,0.18
26.10272:-80.13733#,0.99995,2,0.15
28.05728:-82.62680#,0.56914,2,0.15
26.16891:-80.10251#,0.99969,2,0.14
28.35743:-80.69835#,0.99999,2,0.14
26.27158:-81.78883#103,0.58529,2,0.13
25.79757:-80.33084#409,0.86669,2,0.12
28.06878:-82.63033#,0.50511,2,0.12
26.09773:-80.20184#,0.99993,1,1
27.49616:-82.60997#,0.96243,1,1
27.94512:-82.49789#,0.99852,1,1
29.18053:-81.01433#,1,1,1
30.19604:-81.62172#22,0.99991,1,1
30.41954:-87.27503#,0.9865,1,1
30.50497:-84.24740#,0.94125,1,1
28.75494:-81.33910#,0.71439,1,0.67
28.80346:-81.33886#,0.99976,1,0.67
27.44058:-82.57760#,1,1,0.6
28.44909:-81.47656#,0.79546,1,0.57
30.45698:-84.28414#,0.91096,1,0.56
26.04566:-80.26262#,1,1,0.5
26.12404:-80.13688#,0.79215,1,0.5
26.14876:-80.27035#,0.99997,1,0.5
26.24959:-80.20219#9,0.99999,1,0.5
26.35965:-81.80647#6,0.99998,1,0.5
26.40879:-80.07686#,0.99997,1,0.5
26.61871:-80.16747#,0.63196,1,0.5
26.70623:-80.03662#,0.71113,1,0.5
28.21766:-82.66448#,0.99999,1,0.5
29.21194:-81.02090#,0.99979,1,0.5
26.11640:-80.33095#,0.73278,1,0.43
26.35077:-80.08190#,0.99994,1,0.43
27.98767:-82.82640#,0.50037,1,0.42
26.19167:-80.11333#6,0.99998,1,0.4
30.30825:-81.66091#,0.84208,1,0.4
28.54620:-81.20112#,0.75773,1,0.35
26.46552:-80.07294#,0.54977,1,0.33
26.57107:-80.11639#,0.6392,1,0.33
28.05505:-82.73821#,0.805,1,0.33
28.19347:-82.69847#,0.56614,1,0.33
26.45004:-81.94602#,0.9865,1,0.29
29.02915:-80.89793#,0.95293,1,0.29
25.88424:-80.16575#104,0.99161,1,0.25
25.94460:-80.16891#,0.58924,1,0.25
26.54589:-80.08789#,0.83204,1,0.25
27.05267:-82.41042#,0.67625,1,0.25
27.93698:-82.50270#,0.97903,1,0.25
28.47607:-82.61530#,0.95475,1,0.25
29.25880:-81.04915#A,0.99999,1,0.25
30.13589:-81.77652#10,0.99993,1,0.25
30.17324:-81.62562#,0.93753,1,0.25
25.94415:-80.12216#,0.86467,1,0.24
28.15262:-80.59945#,0.82321,1,0.24
25.70381:-80.33444#,0.99999,1,0.22
28.14507:-82.35394#,0.61411,1,0.22
25.77871:-80.29046#,0.90915,1,0.21
25.81088:-80.38277#,0.94692,1,0.2
27.29108:-80.36563#,0.93905,1,0.2
28.05826:-82.73877#,0.769,1,0.2
26.18870:-80.12336#,0.8789,1,0.19
24.56592:-81.76796#403,0.92831,1,0.18
26.24111:-80.25347#,0.66497,1,0.18
25.79535:-80.33759#,0.82522,1,0.17
26.18370:-80.25195#,0.99975,1,0.17
27.92557:-82.51567#,0.76286,1,0.17
27.96584:-82.78666#,0.98745,1,0.17
28.06095:-82.70838#,0.62617,1,0.17
24.55250:-81.80013#,0.73606,1,0.15
26.31982:-80.15287#,0.75536,1,0.15
26.35946:-80.13662#,0.50642,1,0.15
26.59450:-81.94127#,0.50543,1,0.15
27.93269:-82.50518#,0.85485,1,0.15
29.84883:-81.32213#7,0.99736,1,0.15
30.43637:-87.20519#,0.67908,1,0.15
24.55966:-81.79735#,0.78366,1,0.14
25.70020:-80.36107#,0.99991,1,0.14
28.32857:-81.47102#,0.99996,1,0.14
29.18722:-82.12069#,0.99982,1,0.14
30.26834:-81.56110#,0.6435,1,0.13
25.77865:-80.29624#,1,1,0.12
25.82067:-80.33824#,0.55604,1,0.12
26.06369:-80.26084#,0.71408,1,0.12
26.27259:-80.16291#,0.8299,1,0.12
28.56722:-81.25847#,0.99994,1,0.12
29.67831:-82.38832#,0.76761,1,0.12
26.02751:-80.31415#,0.71854,1,0.11
26.54544:-81.91075#,0.67279,1,0.11
27.93615:-82.28201#,0.97822,1,0.11
28.40453:-81.45704#156,0.89175,1,0.11
29.67417:-82.33523#,0.51974,1,0.11
24.55333:-81.79883#,0.66922,1,0.1
25.94458:-80.16882#,0.59422,1,0.1
28.55325:-81.19953#,0.95492,1,0.1
28.59281:-81.35380#,0.77695,1,0.1
28.66448:-81.37938#,0.69391,1,0.1
30.38816:-86.44779#,0.76611,1,0.1
26.54872:-81.80788#,0.56536,1,0.09
27.62328:-80.39001#,0.99996,1,0.09
27.97435:-82.70944#,0.90516,1,0.09
29.27975:-81.06967#,0.99647,1,0.09
28.56443:-81.74182#,0.99998,1,0.08
25.65961:-80.32587#200,0.81444,1,0.05
26.81024:-80.19893#,0.76313,1,0.05
27.94440:-82.49808#,0.5756,1,0.05
30.54229:-84.22981#,0.82276,1,0.05